{"RuleTriggered": 0, "Violations": 0, "Details": {"pin_memory": false, "num_workers": 0, "cores": 4, "dataloaders": 1, "dataloading_time": {"p25": 2.066344, "p50": 2.066344, "p95": 2.066344, "probs": [0, 0, 0, 0, 0, 0, 0, 0, 0, 0, 0, 0, 0, 0, 0, 0, 0, 0, 0, 0, 0, 0, 0, 0, 0, 0, 0, 0, 0, 0, 0, 0, 0, 0, 0, 0, 0, 0, 0, 0, 0, 0, 0, 0, 0, 0, 0, 0, 0, 0, 1, 0, 0, 0, 0, 0, 0, 0, 0, 0, 0, 0, 0, 0, 0, 0, 0, 0, 0, 0, 0, 0, 0, 0, 0, 0, 0, 0, 0, 0, 0, 0, 0, 0, 0, 0, 0, 0, 0, 0, 0, 0, 0, 0, 0, 0, 0, 0, 0, 0], "binedges": [1.566344, 1.576344, 1.586344, 1.596344, 1.606344, 1.616344, 1.626344, 1.636344, 1.646344, 1.656344, 1.666344, 1.676344, 1.686344, 1.6963439999999999, 1.706344, 1.7163439999999999, 1.7263439999999999, 1.7363439999999999, 1.746344, 1.756344, 1.766344, 1.776344, 1.786344, 1.796344, 1.806344, 1.816344, 1.826344, 1.836344, 1.846344, 1.856344, 1.866344, 1.876344, 1.886344, 1.896344, 1.906344, 1.916344, 1.9263439999999998, 1.936344, 1.9463439999999999, 1.956344, 1.9663439999999999, 1.976344, 1.9863439999999999, 1.996344, 2.006344, 2.016344, 2.026344, 2.036344, 2.046344, 2.056344, 2.066344, 2.0763439999999997, 2.086344, 2.096344, 2.106344, 2.116344, 2.126344, 2.1363440000000002, 2.146344, 2.156344, 2.166344, 2.176344, 2.186344, 2.196344, 2.206344, 2.216344, 2.226344, 2.236344, 2.246344, 2.256344, 2.266344, 2.276344, 2.2863439999999997, 2.296344, 2.306344, 2.316344, 2.3263439999999997, 2.336344, 2.346344, 2.356344, 2.366344, 2.376344, 2.3863440000000002, 2.396344, 2.406344, 2.416344, 2.426344, 2.436344, 2.446344, 2.456344, 2.466344, 2.476344, 2.486344, 2.496344, 2.506344, 2.516344, 2.526344, 2.5363439999999997, 2.546344, 2.556344, 2.566344]}}, "Datapoints": 1, "RuleParameters": "min_threshold:70\nmax_threshold:200"}