{"RuleTriggered": 0, "Violations": 0, "Details": {"pin_memory": false, "num_workers": 0, "cores": 4, "dataloaders": 1, "dataloading_time": {"p25": 1.766003, "p50": 1.766003, "p95": 1.766003, "probs": [0, 0, 0, 0, 0, 0, 0, 0, 0, 0, 0, 0, 0, 0, 0, 0, 0, 0, 0, 0, 0, 0, 0, 0, 0, 0, 0, 0, 0, 0, 0, 0, 0, 0, 0, 0, 0, 0, 0, 0, 0, 0, 0, 0, 0, 0, 0, 0, 0, 0, 1, 0, 0, 0, 0, 0, 0, 0, 0, 0, 0, 0, 0, 0, 0, 0, 0, 0, 0, 0, 0, 0, 0, 0, 0, 0, 0, 0, 0, 0, 0, 0, 0, 0, 0, 0, 0, 0, 0, 0, 0, 0, 0, 0, 0, 0, 0, 0, 0, 0], "binedges": [1.266003, 1.276003, 1.286003, 1.296003, 1.306003, 1.316003, 1.326003, 1.336003, 1.346003, 1.356003, 1.366003, 1.376003, 1.386003, 1.3960029999999999, 1.4060030000000001, 1.416003, 1.426003, 1.436003, 1.446003, 1.456003, 1.466003, 1.476003, 1.486003, 1.496003, 1.506003, 1.516003, 1.526003, 1.536003, 1.546003, 1.556003, 1.566003, 1.576003, 1.586003, 1.596003, 1.606003, 1.616003, 1.6260029999999999, 1.636003, 1.6460029999999999, 1.6560030000000001, 1.666003, 1.6760030000000001, 1.686003, 1.696003, 1.706003, 1.716003, 1.726003, 1.736003, 1.746003, 1.756003, 1.766003, 1.776003, 1.786003, 1.796003, 1.806003, 1.816003, 1.826003, 1.836003, 1.846003, 1.8560029999999998, 1.866003, 1.8760029999999999, 1.886003, 1.8960029999999999, 1.9060030000000001, 1.916003, 1.9260030000000001, 1.936003, 1.9460030000000001, 1.956003, 1.9660030000000002, 1.976003, 1.986003, 1.996003, 2.0060029999999998, 2.016003, 2.026003, 2.036003, 2.046003, 2.056003, 2.0660030000000003, 2.076003, 2.086003, 2.096003, 2.106003, 2.116003, 2.126003, 2.136003, 2.146003, 2.156003, 2.166003, 2.176003, 2.186003, 2.196003, 2.206003, 2.216003, 2.226003, 2.236003, 2.246003, 2.2560029999999998, 2.266003]}}, "Datapoints": 1, "RuleParameters": "min_threshold:70\nmax_threshold:200"}