{"RuleTriggered": 0, "Violations": 0, "Details": {"step_num": {"first": 1660633032882414, "last": 1660635414880123}, "job_start": 1660632905.501356, "job_end": 1660635419.501981}, "Datapoints": 333, "RuleParameters": "threshold:20"}