{"RuleTriggered": 0, "Violations": 0, "Details": {"step_num": {"first": 1660537866767034, "last": 1660539239916687}, "job_start": 1660537744.020644, "job_end": 1660539299.506763}, "Datapoints": 203, "RuleParameters": "threshold:20"}