{"RuleTriggered": 0, "Violations": 0, "Details": {"ratio": {"cpu_functions": 100.0}, "phase": {"Step:ModeKeys.TRAIN": 86.39096933902304, "others": 4.459734799071473, "Step:ModeKeys.EVAL": 9.149295861905484}, "phase_time": {}, "CPU": {"aten::conv2d": 18.76496544890782, "aten::convolution": 18.764282268622512, "aten::_convolution": 18.763662901880334, "aten::mkldnn_convolution": 18.75820872081136, "aten::batch_norm": 4.586440755713011, "aten::_batch_norm_impl_index": 4.580607447123067, "aten::native_batch_norm": 4.5796014453842595, "aten::max_pool2d": 2.414742009540275, "aten::max_pool2d_with_indices": 2.367088307771067, "enumerate(DataLoader)#_SingleProcessDataLoaderIter.__next__": 6.420400694246305}, "CPU_total": {"aten::conv2d": 4999008, "aten::convolution": 4998826, "aten::_convolution": 4998661, "aten::mkldnn_convolution": 4997208, "aten::batch_norm": 1221833, "aten::_batch_norm_impl_index": 1220279, "aten::native_batch_norm": 1220011, "aten::max_pool2d": 643290, "aten::max_pool2d_with_indices": 630595, "enumerate(DataLoader)#_SingleProcessDataLoaderIter.__next__": 1710402}, "general": {"DataLoaderIterInitialize": 0.0002711840889828682, "DataLoaderIter": 0.08047587207125058, "Forward": 99.91925294383977}}, "Datapoints": 0, "RuleParameters": ""}