{"RuleTriggered": 0, "Violations": 0, "Details": {"ratio": {"cpu_functions": 100.0}, "phase": {"Step:ModeKeys.TRAIN": 79.5581821985494, "others": 8.354204073914117, "Step:ModeKeys.EVAL": 12.087613727536482}, "phase_time": {}, "CPU": {"aten::conv2d": 17.606300706792876, "aten::convolution": 17.605557520912118, "aten::_convolution": 17.60493370685676, "aten::mkldnn_convolution": 17.59753650438555, "aten::batch_norm": 4.682005586832472, "aten::_batch_norm_impl_index": 4.6782164940517985, "aten::native_batch_norm": 4.677049730726043, "aten::max_pool2d": 2.526631757980786, "aten::max_pool2d_with_indices": 2.489441658310318, "enumerate(DataLoader)#_SingleProcessDataLoaderIter.__next__": 10.532326333151284}, "CPU_total": {"aten::conv2d": 4572229, "aten::convolution": 4572036, "aten::_convolution": 4571874, "aten::mkldnn_convolution": 4569953, "aten::batch_norm": 1215883, "aten::_batch_norm_impl_index": 1214899, "aten::native_batch_norm": 1214596, "aten::max_pool2d": 656148, "aten::max_pool2d_with_indices": 646490, "enumerate(DataLoader)#_SingleProcessDataLoaderIter.__next__": 2735169}, "general": {"DataLoaderIterInitialize": 0.00045817693270179473, "DataLoaderIter": 0.17516210098552398, "Forward": 99.82437972208177}}, "Datapoints": 0, "RuleParameters": ""}