{"RuleTriggered": 0, "Violations": 0, "Details": {"step_details": {"algo-1-27": {"step_stats": {"mean": 6.675764845117845, "max": 9.987261, "p99": 7.2290126400000005, "p95": 7.1533534, "p50": 6.82136, "min": 0.971868}, "number_of_outliers": 2, "phase": "Step:ModeKeys.TRAIN", "stddev": 0.83, "probs": [1, 1, 2, 1, 0, 0, 0, 0, 0, 0, 0, 0, 0, 0, 0, 0, 0, 0, 0, 0, 0, 0, 0, 0, 0, 0, 0, 0, 0, 0, 0, 0, 0, 0, 0, 0, 0, 0, 0, 0, 0, 0, 0, 0, 0, 0, 0, 0, 0, 0, 0, 0, 0, 0, 0, 0, 0, 0, 0, 0, 0, 0, 0, 0, 0, 0, 0, 0, 0, 0, 0, 0, 0, 0, 0, 0, 1, 2, 4, 1, 3, 2, 5, 3, 9, 13, 4, 12, 12, 11, 13, 24, 15, 24, 28, 28, 26, 24, 15, 11], "binedges": [0.971868, 1.03449888, 1.09712976, 1.15976064, 1.22239152, 1.2850224, 1.3476532799999998, 1.41028416, 1.47291504, 1.53554592, 1.5981768, 1.66080768, 1.72343856, 1.78606944, 1.8487003199999998, 1.9113312, 1.97396208, 2.03659296, 2.0992238399999996, 2.16185472, 2.2244856, 2.28711648, 2.3497473600000003, 2.41237824, 2.47500912, 2.5376399999999997, 2.60027088, 2.66290176, 2.72553264, 2.78816352, 2.8507944, 2.9134252800000002, 2.9760561599999997, 3.03868704, 3.1013179199999996, 3.1639488, 3.2265796799999995, 3.28921056, 3.3518414400000003, 3.41447232, 3.4771032, 3.5397340799999997, 3.60236496, 3.6649958399999996, 3.72762672, 3.7902576000000003, 3.85288848, 3.9155193600000002, 3.9781502399999997, 4.04078112, 4.103412, 4.16604288, 4.2286737599999995, 4.29130464, 4.35393552, 4.4165664, 4.47919728, 4.54182816, 4.60445904, 4.66708992, 4.7297208, 4.79235168, 4.85498256, 4.91761344, 4.98024432, 5.0428752, 5.10550608, 5.16813696, 5.2307678399999995, 5.29339872, 5.356029599999999, 5.41866048, 5.481291359999999, 5.54392224, 5.60655312, 5.669184, 5.73181488, 5.7944457599999994, 5.85707664, 5.919707519999999, 5.9823384, 6.04496928, 6.10760016, 6.17023104, 6.2328619199999995, 6.2954928, 6.358123679999999, 6.42075456, 6.48338544, 6.54601632, 6.6086472, 6.6712780799999996, 6.73390896, 6.796539839999999, 6.85917072, 6.921801599999999, 6.98443248, 7.04706336, 7.10969424, 7.17232512, 7.234956], "step_numbers": ["0", "1"]}}}, "Datapoints": 333, "RuleParameters": "threshold:3\nmode:None\nn_outliers:10\nstddev:3"}