{"RuleTriggered": 0, "Violations": 0, "Details": {"step_details": {"algo-1-27": {"step_stats": {"mean": 5.943519837209301, "max": 9.146877, "p99": 7.165229079999983, "p95": 6.4313319, "p50": 6.0373645, "min": 0.827372}, "number_of_outliers": 2, "phase": "Step:ModeKeys.TRAIN", "stddev": 0.8, "probs": [1, 1, 0, 1, 0, 0, 0, 0, 0, 0, 0, 0, 0, 0, 0, 0, 0, 0, 0, 0, 0, 0, 0, 0, 0, 0, 0, 0, 0, 0, 0, 0, 0, 0, 0, 0, 0, 0, 0, 0, 0, 0, 0, 0, 0, 0, 0, 0, 0, 0, 0, 0, 0, 0, 0, 0, 0, 0, 0, 0, 0, 0, 0, 0, 0, 0, 0, 0, 0, 0, 0, 0, 0, 0, 2, 0, 1, 0, 2, 2, 4, 4, 1, 3, 3, 6, 9, 10, 12, 12, 11, 10, 14, 15, 17, 10, 5, 7, 2, 5], "binedges": [0.827372, 0.88454558, 0.94171916, 0.9988927400000001, 1.05606632, 1.1132399, 1.1704134800000001, 1.22758706, 1.28476064, 1.3419342200000002, 1.3991078000000001, 1.45628138, 1.5134549600000002, 1.57062854, 1.6278021200000001, 1.6849757, 1.74214928, 1.7993228600000002, 1.8564964400000001, 1.91367002, 1.9708436000000003, 2.02801718, 2.08519076, 2.1423643400000003, 2.19953792, 2.2567115, 2.3138850800000004, 2.37105866, 2.4282322400000003, 2.4854058200000004, 2.5425794, 2.5997529800000003, 2.6569265600000005, 2.71410014, 2.7712737200000004, 2.8284473, 2.8856208800000003, 2.9427944600000004, 2.99996804, 3.0571416200000003, 3.1143152000000005, 3.1714887800000002, 3.2286623600000004, 3.2858359400000006, 3.3430095200000003, 3.4001831000000005, 3.45735668, 3.5145302600000004, 3.5717038400000005, 3.6288774200000002, 3.6860510000000004, 3.7432245800000006, 3.8003981600000003, 3.8575717400000005, 3.9147453200000006, 3.9719189000000004, 4.029092480000001, 4.086266060000001, 4.14343964, 4.200613220000001, 4.2577868, 4.3149603800000005, 4.372133960000001, 4.42930754, 4.4864811200000005, 4.543654700000001, 4.60082828, 4.658001860000001, 4.715175440000001, 4.77234902, 4.829522600000001, 4.886696180000001, 4.94386976, 5.001043340000001, 5.058216920000001, 5.1153905, 5.172564080000001, 5.229737660000001, 5.28691124, 5.344084820000001, 5.4012584000000015, 5.45843198, 5.515605560000001, 5.5727791400000015, 5.62995272, 5.687126300000001, 5.744299880000002, 5.80147346, 5.858647040000001, 5.915820620000002, 5.9729942000000005, 6.030167780000001, 6.08734136, 6.1445149400000005, 6.201688520000001, 6.2588621, 6.316035680000001, 6.373209260000001, 6.43038284, 6.487556420000001, 6.54473], "step_numbers": ["0", "1"]}}}, "Datapoints": 203, "RuleParameters": "threshold:3\nmode:None\nn_outliers:10\nstddev:3"}